<?xml version="1.0" encoding="UTF-8"?>
<project-private xmlns="http://www.netbeans.org/ns/project-private/1">
    <editor-bookmarks xmlns="http://www.netbeans.org/ns/editor-bookmarks/2" lastBookmarkId="0"/>
    <open-files xmlns="http://www.netbeans.org/ns/projectui-open-files/2">
        <group>
            <file>file:/C:/Users/M%20S%20I/OneDrive/Documents/NetBeansProjects/StudentManagement/src/Home.java</file>
            <file>file:/C:/Users/M%20S%20I/OneDrive/Documents/NetBeansProjects/StudentManagement/src/Student.java</file>
            <file>file:/C:/Users/M%20S%20I/OneDrive/Documents/NetBeansProjects/StudentManagement/src/db/MyConnection.java</file>
            <file>file:/C:/Users/M%20S%20I/OneDrive/Documents/NetBeansProjects/StudentManagement/src/Course.java</file>
        </group>
    </open-files>
</project-private>
